Year,Mileage,Fuel_Type,Engine_Size,Owner_Type,Car_Condition,Selling_Price
2018,101790.58113663955,Diesel,1197.0,First-hand,Good,2.77
2015,137416.07746671437,Petrol,1497.0,First-hand,Good,2.46
2024,13446.497055960204,Petrol,1998.0,First-hand,Fair,13.08
2022,37919.852346429114,Diesel,1197.0,First-hand,Good,5.5
2019,90409.29867082168,Petrol,998.0,Second-hand,Good,1.56
2024,9814.399348633026,Diesel,998.0,Third-hand,Good,3.44
2016,128469.42859304152,Petrol,1197.0,First-hand,Excellent,0.8
2018,72888.48315541109,Diesel,1197.0,Second-hand,Fair,1.59
2021,29590.815929465876,Diesel,2498.0,First-hand,Excellent,24.68
2014,98673.72764628804,Diesel,998.0,First-hand,Good,0.8
2018,58539.20122166874,Petrol,1497.0,First-hand,Excellent,5.28
2022,39679.53832064183,Petrol,998.0,First-hand,Good,3.61
2022,23856.55826031108,Petrol,998.0,First-hand,Good,3.77
2019,83160.04738263151,Petrol,1197.0,First-hand,Poor,1.99
2016,103524.07097873077,Petrol,1197.0,Second-hand,Fair,1.39
2015,95393.28495134514,Petrol,1497.0,Second-hand,Good,3.58
2019,72432.83252581915,Diesel,1998.0,First-hand,Excellent,12.85
2019,54484.48192071535,Petrol,1497.0,Second-hand,Fair,4.03
2014,164667.81389495934,Petrol,2498.0,First-hand,Good,8.0
2017,99528.23889048597,Diesel,1998.0,First-hand,Excellent,10.46
2016,136090.11064595205,Petrol,1197.0,First-hand,Fair,1.02
2013,169776.15148559766,Petrol,1998.0,First-hand,Fair,3.22
2019,90445.73103937112,CNG,1497.0,First-hand,Poor,2.24
2023,17969.931472624216,Diesel,998.0,First-hand,Poor,2.17
2017,102881.39940375727,Petrol,1497.0,First-hand,Fair,3.5
2013,113343.13368507581,Petrol,998.0,Second-hand,Excellent,0.8
2023,25968.59735849841,Diesel,,First-hand,Excellent,6.21
2016,84766.52506717399,Petrol,1497.0,First-hand,Good,3.06
2012,,Petrol,998.0,First-hand,Good,0.8
2023,,Petrol,998.0,First-hand,Good,3.23
2021,46314.563747738204,Petrol,1998.0,First-hand,Good,11.91
2017,98265.1942000223,Petrol,1497.0,Second-hand,Good,2.42
2024,16776.533674133465,Petrol,998.0,First-hand,Good,4.37
2023,21865.384646441016,Diesel,1497.0,First-hand,Excellent,10.22
2020,46660.55258832433,Diesel,1197.0,First-hand,Good,3.58
2012,141796.04461693132,Petrol,1197.0,First-hand,Good,0.8
2022,33300.72602773268,Diesel,2993.0,First-hand,Fair,32.05
2022,47022.92140929685,Diesel,1497.0,First-hand,Excellent,8.97
2021,43052.86751362797,Petrol,1197.0,Second-hand,Good,3.5
2023,29976.63754226856,Petrol,1998.0,First-hand,Fair,11.85
2023,27240.11317022729,Diesel,1998.0,First-hand,Good,16.41
2014,,Petrol,998.0,First-hand,Excellent,0.84
2023,21594.47685064908,Diesel,998.0,First-hand,Good,3.15
2018,64710.58260964788,Petrol,998.0,First-hand,Good,1.77
2015,138009.12400180846,CNG,1497.0,Second-hand,Poor,1.29
2020,77518.3866928238,Petrol,1497.0,First-hand,Excellent,5.86
2014,90664.98496060033,Petrol,1497.0,First-hand,Good,2.81
2016,136940.58354890533,Diesel,2498.0,First-hand,Excellent,13.99
2014,135848.97868030242,Petrol,,First-hand,Good,2.14
2018,102199.56983445169,Petrol,998.0,First-hand,Good,1.47
2016,105177.81039461991,Petrol,1197.0,First-hand,Good,1.1
2020,51856.027556243214,Petrol,1197.0,First-hand,Good,3.84
2018,99105.81445328445,Petrol,1197.0,First-hand,Excellent,3.2
2013,113320.08741006964,CNG,1497.0,Second-hand,Good,1.56
2015,77612.52209090971,Petrol,,First-hand,Good,6.4
2020,35427.543962002164,Diesel,1197.0,First-hand,Good,5.45
2023,20624.51366624738,Diesel,1197.0,First-hand,Fair,4.82
2013,106125.62996837328,Diesel,1497.0,First-hand,Good,2.51
2021,38276.459138486505,Petrol,1197.0,First-hand,Good,4.21
2020,77230.62137608645,Diesel,998.0,First-hand,Excellent,2.51
2021,51984.58050634189,Petrol,1197.0,First-hand,Good,3.71
2016,80543.16676069373,Diesel,998.0,First-hand,Fair,0.94
2013,171883.45533953217,Diesel,2498.0,First-hand,Good,9.35
2015,127843.90349132077,Diesel,998.0,First-hand,Fair,0.8
2023,32522.481042667307,Petrol,1197.0,Second-hand,Good,4.05
2023,36697.725004361375,Diesel,1197.0,First-hand,Fair,4.41
2018,95497.25637145081,Petrol,2993.0,First-hand,Excellent,25.49
2023,25249.638344793006,Diesel,,First-hand,Fair,2.81
2024,16985.986258118493,CNG,998.0,First-hand,Good,2.94
2019,84618.79604364166,Petrol,998.0,First-hand,Good,1.46
2014,116451.93928152905,CNG,998.0,First-hand,Good,0.8
2012,186279.96957558568,Petrol,998.0,Second-hand,Good,0.8
2015,100867.04640463511,Petrol,1497.0,First-hand,Poor,1.73
2013,148050.72136864113,Petrol,998.0,First-hand,Good,0.8
2019,66607.39214736753,Petrol,998.0,First-hand,Excellent,2.02
2015,105940.67330111652,Diesel,1998.0,First-hand,Good,6.12
2013,103613.49544263186,Petrol,1197.0,First-hand,Good,0.8
2017,112559.47560923749,Petrol,,Second-hand,Good,1.78
2017,93386.43773603224,Diesel,1197.0,First-hand,Good,2.65
2021,39719.40522175365,Diesel,2993.0,Second-hand,Good,31.35
2015,96371.40787479852,Diesel,998.0,Second-hand,Poor,0.8
2017,83516.76500979705,Diesel,1998.0,Second-hand,Good,6.81
2024,9217.482527242766,Diesel,1497.0,First-hand,Excellent,10.95
2013,134706.2824961237,Petrol,998.0,First-hand,Fair,0.8
2021,31144.08607069133,Petrol,2993.0,First-hand,Good,32.08
2023,24481.817741936018,Diesel,1197.0,First-hand,Good,5.73
2013,171821.60117702704,Petrol,998.0,First-hand,Good,0.8
2021,58047.847095094694,Diesel,1998.0,Second-hand,Good,12.49
2015,104699.7174742856,Petrol,1497.0,First-hand,Good,3.61
2019,73739.825879222,Petrol,1497.0,First-hand,Fair,3.51
2018,107431.95554979767,Petrol,998.0,First-hand,Excellent,1.23
2023,13046.943282702465,Diesel,1197.0,First-hand,Good,5.86
2020,47768.1342273031,Petrol,1497.0,First-hand,Fair,4.86
2019,82288.2522597627,Diesel,1197.0,Second-hand,Poor,1.18
2016,98766.50910157466,Petrol,,First-hand,Good,2.2
2024,8499.128417850481,Petrol,998.0,Second-hand,Good,3.02
2013,103196.57287378033,Diesel,998.0,Second-hand,Good,0.8
2016,113835.14684723305,Diesel,1998.0,Second-hand,Poor,5.0
2019,47768.886363394195,Petrol,1197.0,First-hand,Fair,2.8
2021,44118.77338296857,Diesel,2993.0,Second-hand,Excellent,33.42
2020,44856.203380002495,Petrol,1197.0,First-hand,Good,3.53
2023,27161.94860520378,Petrol,1497.0,First-hand,Good,7.77
2023,23107.720037369607,Petrol,1197.0,First-hand,Fair,4.13
2023,22994.699971321552,Diesel,1197.0,First-hand,Good,6.33
2024,17710.915204800578,Diesel,998.0,First-hand,Good,4.78
2020,43865.619175673586,Petrol,1197.0,First-hand,Poor,2.3
2024,23991.337142333607,Diesel,1197.0,First-hand,Excellent,7.11
2024,15588.013183211644,Petrol,2993.0,Second-hand,Good,35.53
2012,171177.8575192943,Petrol,1497.0,First-hand,Good,0.8
2020,42076.09201121967,Petrol,998.0,First-hand,Good,1.96
2018,97347.74542597054,Petrol,998.0,First-hand,Excellent,0.8
2020,41359.174088934014,Petrol,998.0,First-hand,Excellent,3.08
2019,56250.62899224215,Petrol,1197.0,Second-hand,Good,2.26
2012,150266.51696443968,Diesel,1497.0,First-hand,Fair,0.8
2023,,Petrol,,First-hand,Good,23.52
2019,68973.73387251353,Petrol,998.0,First-hand,Good,1.24
2019,78315.89767038458,Petrol,1197.0,Second-hand,Good,2.18
2022,31382.10088743894,Petrol,1197.0,First-hand,Fair,4.86
2014,168118.63442898728,Petrol,1497.0,Second-hand,Fair,1.4
2012,175645.9425104849,Diesel,1197.0,First-hand,Good,0.8
2019,77480.51208698751,Petrol,1497.0,First-hand,Good,4.84
2014,93719.56025021961,Diesel,1497.0,First-hand,Excellent,3.73
2014,126666.94234852388,Diesel,998.0,Second-hand,Excellent,0.8
2012,167940.9066405548,Petrol,1497.0,First-hand,Good,0.9
2022,33734.074567586555,Diesel,,First-hand,Fair,2.81
2016,136065.55791856174,Petrol,1497.0,First-hand,Fair,1.4
2021,42006.791035085495,Diesel,1197.0,First-hand,Good,3.79
2018,103175.84434047458,Petrol,1197.0,First-hand,Fair,1.57
2021,53579.370022017116,Petrol,1998.0,Third-hand,Poor,4.76
2020,,Petrol,1998.0,First-hand,Good,11.53
2023,28958.300757048157,Petrol,1998.0,First-hand,Good,14.9
2018,64432.38253455095,Petrol,1197.0,Second-hand,Poor,0.97
2020,51326.279730242495,Petrol,1497.0,First-hand,Good,5.9
2019,58366.48544180805,Petrol,1197.0,First-hand,Poor,1.63
2023,21825.312066058275,Diesel,1998.0,First-hand,Poor,11.32
2013,147873.62438734266,Diesel,1197.0,First-hand,Good,0.8
2012,179053.61764531975,Petrol,2993.0,First-hand,Fair,9.25
2018,93943.26079501564,Petrol,2498.0,First-hand,Fair,12.28
2018,75571.04587321657,Diesel,1497.0,First-hand,Good,4.8
2019,83921.68883646156,Diesel,1197.0,First-hand,Good,2.6
2016,114825.42529209948,Diesel,998.0,Second-hand,Excellent,1.5
2014,136096.17275238666,Petrol,1998.0,Second-hand,Good,4.55
2023,11053.710831598622,Petrol,998.0,Second-hand,Good,3.45
2019,,Petrol,1998.0,Second-hand,Excellent,9.64
2017,75501.23380558785,Petrol,1197.0,First-hand,Excellent,2.32
2022,32901.2536387104,Diesel,1197.0,Second-hand,Excellent,4.63
2014,164115.90072769084,Diesel,1998.0,First-hand,Fair,4.15
2012,135315.7429268114,Petrol,1497.0,First-hand,Poor,1.62
2014,155465.48392453985,Diesel,1197.0,First-hand,Poor,0.8
2016,95935.07389298278,Petrol,1197.0,First-hand,Good,2.29
2014,93476.00969635232,Petrol,1197.0,Second-hand,Fair,0.8
2012,168325.70209539495,Petrol,1497.0,Second-hand,Fair,0.8
2016,101299.75143904594,Diesel,1197.0,First-hand,Good,1.06
2021,25736.40016813422,Petrol,2498.0,Second-hand,Good,17.05
2018,51337.491162595856,Diesel,1998.0,First-hand,Excellent,12.58
2018,90703.02249580593,Diesel,1197.0,First-hand,Poor,1.12
2022,20835.375043503296,Petrol,1497.0,First-hand,Good,7.73
2020,,Petrol,1197.0,First-hand,Good,2.74
2021,47713.4428768219,Diesel,1197.0,Second-hand,Good,3.57
2021,54036.779467902015,Petrol,2993.0,Second-hand,Good,26.85
2023,21087.436139295714,Diesel,998.0,Second-hand,Good,2.55
2024,18574.718934313132,Diesel,1197.0,First-hand,Good,6.55
2014,92389.54020828252,Petrol,1197.0,Second-hand,Excellent,0.8
2018,70841.18354680217,Petrol,1197.0,First-hand,Fair,2.35
2012,175933.75529139093,Diesel,1197.0,Second-hand,Good,0.8
2015,103981.21927111887,Diesel,1497.0,First-hand,Good,3.67
2024,5000.0,Petrol,1497.0,First-hand,Good,8.99
2015,111386.24485946793,Petrol,,First-hand,Good,1.99
2016,90900.68875386658,Petrol,998.0,First-hand,Good,0.8
2018,72233.18383793108,Diesel,1197.0,First-hand,Good,1.97
2018,93867.46425236769,Diesel,998.0,First-hand,Fair,1.33
2024,18117.792516693717,Diesel,1197.0,First-hand,Fair,6.53
2022,44328.34375230908,Petrol,1197.0,First-hand,Fair,3.73
2024,10611.323316663395,Petrol,998.0,First-hand,Excellent,5.21
2015,91518.76786381082,Diesel,1197.0,First-hand,Good,2.24
2024,11604.572373241084,Petrol,998.0,First-hand,Poor,2.12
2018,101967.15879079844,Petrol,2498.0,First-hand,Good,14.72
2022,27709.51139730685,Petrol,2498.0,First-hand,Excellent,23.29
2014,92724.35338595192,Diesel,1497.0,Second-hand,Good,2.32
2017,69312.55482699696,Diesel,2498.0,Second-hand,Excellent,14.23
2023,21194.579043711903,Petrol,1497.0,First-hand,Good,8.07
2013,121423.13573312409,Petrol,1197.0,Second-hand,Poor,0.8
2021,36499.971039624186,Diesel,998.0,Second-hand,Good,2.28
2024,7479.63457895255,CNG,1497.0,Third-hand,Good,5.85
2020,63987.81529906541,Petrol,,First-hand,Poor,3.82
2016,92745.81745500774,Petrol,1497.0,First-hand,Poor,2.17
2017,,Petrol,1497.0,First-hand,Good,4.96
2023,20986.028266821682,Diesel,1197.0,First-hand,Good,6.61
2023,30172.340647645553,Petrol,1497.0,First-hand,Fair,6.94
2023,20197.515685551083,Petrol,2498.0,First-hand,Fair,18.75
2023,23796.980959567776,Diesel,1197.0,Second-hand,Good,5.2
2015,118965.07882243596,Diesel,1497.0,Third-hand,Fair,1.91
2022,42844.446886859325,Petrol,1197.0,First-hand,Good,4.43
2021,52573.97088775263,Diesel,,First-hand,Good,7.14
2018,83853.2273213772,Petrol,1497.0,First-hand,Good,3.12
2023,21502.70136696788,Petrol,,Second-hand,Good,3.32
2020,50455.924338581564,Petrol,1497.0,First-hand,Fair,5.19
2018,109967.86342413453,Diesel,998.0,First-hand,Good,0.8
2012,176360.8688184687,Petrol,1497.0,First-hand,Excellent,1.11
2012,192032.96304502297,Diesel,1197.0,First-hand,Good,0.8
2020,38502.656698657986,Diesel,1497.0,First-hand,Good,6.73
2022,43115.04732163927,Diesel,998.0,First-hand,Good,3.94
2020,69067.46246821627,Diesel,1497.0,Second-hand,Good,4.93
2015,110010.95491014663,Diesel,1197.0,Third-hand,Good,0.8
2024,,Petrol,1998.0,Second-hand,Fair,12.11
2020,51471.480025110875,Petrol,2498.0,Second-hand,Excellent,16.46
2014,140612.9505271333,Diesel,2993.0,First-hand,Good,18.88
2018,63671.16705242992,Petrol,,First-hand,Fair,2.9
2017,110386.38971170527,Diesel,1497.0,Second-hand,Good,2.64
2019,58229.06959738198,CNG,998.0,Second-hand,Good,0.88
2022,34357.50040018937,Petrol,1197.0,First-hand,Poor,2.49
2020,50287.87241656632,Diesel,1197.0,First-hand,Good,3.36
2016,85741.60219681896,Petrol,1497.0,First-hand,Excellent,3.96
2012,123723.1918649898,Petrol,1998.0,First-hand,Good,4.45
2014,95795.35698308742,Petrol,998.0,First-hand,Excellent,0.8
2021,,Petrol,2498.0,First-hand,Poor,11.12
2023,29884.576082238404,Diesel,1497.0,First-hand,Good,8.87
2019,97589.86940079508,Diesel,1497.0,First-hand,Fair,3.65
2022,25188.222255114157,Diesel,998.0,Second-hand,Fair,1.0
2017,121877.00455186861,Petrol,998.0,First-hand,Good,0.8
2019,94964.95654692342,Petrol,1197.0,First-hand,Good,2.3
2020,,Diesel,1497.0,First-hand,Excellent,6.82
2015,115943.85191064666,Petrol,998.0,Second-hand,Good,0.8
2012,141311.49154198385,Diesel,1197.0,First-hand,Excellent,0.8
2012,117104.4451856597,Diesel,1998.0,Third-hand,Poor,3.31
2021,41686.004467497645,Diesel,1998.0,First-hand,Poor,8.05
2015,104175.47648291489,Diesel,2498.0,Third-hand,Good,9.23
2023,13250.965387147568,Petrol,1197.0,Second-hand,Good,4.69
2018,77391.9118546079,Diesel,1197.0,First-hand,Fair,2.29
2013,159278.14822552036,Petrol,1497.0,First-hand,Good,1.12
2014,135474.98435261645,Diesel,1197.0,First-hand,Fair,0.8
2012,130253.00736051334,Petrol,998.0,First-hand,Good,0.8
2016,116692.04079963804,Diesel,1197.0,First-hand,Good,0.95
2012,146024.030083506,Diesel,1197.0,First-hand,Fair,0.8
2019,60156.060543001375,Petrol,1197.0,First-hand,Good,3.66
2012,148062.52332185116,Petrol,1197.0,First-hand,Poor,0.8
2022,38442.20476196906,Diesel,1197.0,First-hand,Poor,2.53
2012,118681.44758762329,Petrol,,First-hand,Excellent,0.8
2013,102638.50189810355,Petrol,1497.0,First-hand,Excellent,2.71
2013,170077.05450417032,Petrol,1197.0,First-hand,Poor,0.8
2023,27845.82307863597,Petrol,1497.0,First-hand,Poor,5.32
2017,116706.29581580902,Diesel,998.0,First-hand,Excellent,0.9
2018,68997.14233078764,Petrol,1197.0,Second-hand,Fair,2.04
2016,131474.26679817392,Petrol,1497.0,First-hand,Good,2.92
2012,170437.51441156032,Petrol,1197.0,First-hand,Good,0.8
2012,186299.66196268998,Petrol,1197.0,First-hand,Fair,0.8
2014,151183.57085192463,Petrol,1197.0,Second-hand,Excellent,0.8
2013,,Petrol,1998.0,Second-hand,Poor,1.69
2016,87980.92527105109,Petrol,1197.0,Second-hand,Good,0.88
2023,14817.376587159144,Petrol,1197.0,First-hand,Good,5.44
2021,39324.48459062106,Diesel,1497.0,First-hand,Good,7.2
2017,83111.23741686366,Petrol,1197.0,First-hand,Good,2.06
2018,61545.093066412825,Diesel,1197.0,First-hand,Good,3.92
2015,103074.21925998262,Petrol,1197.0,Second-hand,Excellent,1.97
2018,,Petrol,1497.0,First-hand,Good,5.39
2022,,Diesel,1197.0,Second-hand,Good,5.29
2019,67679.24602067465,Petrol,998.0,First-hand,Excellent,3.09
2022,24452.940705909525,Diesel,1197.0,Second-hand,Fair,3.89
2012,135949.0003810228,Diesel,1998.0,First-hand,Good,4.21
2017,,Petrol,998.0,First-hand,Good,0.8
2019,61915.17063779498,Diesel,2993.0,First-hand,Good,31.01
2016,102377.01212384737,Diesel,1197.0,First-hand,Good,1.79
2015,95868.38908431256,Petrol,2993.0,First-hand,Excellent,19.98
2013,153911.70354081757,Petrol,2498.0,Second-hand,Good,6.51
2017,114776.69994918797,Petrol,1197.0,First-hand,Good,1.4
2017,75609.43741587795,Diesel,998.0,First-hand,Fair,1.27
2022,28622.892922554496,Diesel,998.0,First-hand,Fair,2.3
2012,171329.29038709548,Diesel,998.0,First-hand,Good,0.8
2020,51956.852048717694,Diesel,1497.0,Second-hand,Excellent,7.0
2023,33817.66304370752,Petrol,1197.0,Second-hand,Good,3.18
2022,33721.15860717672,Petrol,1197.0,Second-hand,Excellent,3.49
2017,115310.35684264335,Diesel,1197.0,Second-hand,Excellent,2.06
2024,26726.241667022376,Petrol,1998.0,Second-hand,Good,14.42
2014,160014.28266893091,CNG,998.0,First-hand,Good,0.8
2015,144476.45072152442,Petrol,998.0,Second-hand,Good,0.8
2023,28259.412478485625,Petrol,998.0,First-hand,Excellent,4.44
2022,32842.254672873205,Diesel,1998.0,First-hand,Excellent,16.7
2015,106872.90185627298,Diesel,1497.0,First-hand,Excellent,3.29
2014,156972.55638081374,Petrol,1197.0,Second-hand,Excellent,0.8
2021,42811.01914174268,Diesel,998.0,Second-hand,Good,2.19
2014,111709.94602643419,Petrol,1197.0,First-hand,Good,0.8
2014,131191.35957341388,Diesel,,Second-hand,Excellent,0.8
2015,127599.25249350519,Diesel,,Second-hand,Good,10.95
2018,52093.259634879956,Diesel,1497.0,First-hand,Good,6.1
2015,108917.77924187407,Diesel,1197.0,First-hand,Excellent,1.79
2020,78951.31830185067,Petrol,1998.0,Second-hand,Excellent,8.89
2012,132348.39104265042,Petrol,998.0,First-hand,Good,0.8
2019,56163.031193707786,CNG,1497.0,First-hand,Good,4.7
2018,67613.9987909685,Petrol,1998.0,First-hand,Good,8.39
2013,115754.47831129702,Diesel,1197.0,First-hand,Excellent,0.96
2019,80438.26768808044,Petrol,1497.0,Second-hand,Fair,3.83
2012,154447.71449064687,Diesel,1197.0,First-hand,Good,0.8
2022,33573.70476896227,Diesel,1197.0,Second-hand,Good,4.12
2023,33388.35452729965,Diesel,998.0,Second-hand,Fair,2.59
2020,48035.79935917916,Petrol,1197.0,Second-hand,Fair,2.79
2020,53706.25011408696,Diesel,1497.0,First-hand,Good,6.68
2013,129142.99177241074,Petrol,2498.0,First-hand,Good,8.98
2018,85948.76541088615,Petrol,1497.0,First-hand,Good,4.49
2021,59457.70376305921,Diesel,1998.0,First-hand,Excellent,15.56
2014,91004.2747331715,Diesel,1998.0,Second-hand,Good,6.11
2018,62086.221448514894,Diesel,998.0,First-hand,Excellent,1.46
2023,13937.177766876375,Petrol,1197.0,First-hand,Good,5.32
2021,36782.9020171908,Petrol,998.0,First-hand,Poor,1.44
2020,44467.34365210744,Petrol,1497.0,Second-hand,Poor,3.54
2015,99560.93660371692,Petrol,2498.0,Second-hand,Good,9.3
2023,29858.47191564781,Petrol,998.0,First-hand,Good,3.27
2012,151607.73184883443,Diesel,1497.0,Second-hand,Good,0.8
2013,133309.37673741428,Petrol,1497.0,First-hand,Fair,0.8
2012,,Diesel,1197.0,First-hand,Good,0.8
2023,25298.34009442442,CNG,1197.0,Second-hand,Excellent,3.71
2016,82849.48087210236,Diesel,1197.0,First-hand,Excellent,2.64
2016,95202.67876772588,Diesel,,Third-hand,Good,0.8
2022,30849.823429818334,Diesel,998.0,First-hand,Good,4.29
2018,91497.51571478965,Petrol,998.0,First-hand,Fair,1.24
2020,72868.5165430725,Petrol,1197.0,Second-hand,Good,2.76
2020,63253.50917197194,Petrol,,First-hand,Good,2.86
2014,122199.75288273464,Petrol,1998.0,Third-hand,Good,4.23
2014,147283.37605899473,Diesel,1197.0,Third-hand,Excellent,0.8
2014,95195.6180107354,Petrol,1497.0,First-hand,Fair,2.09
2015,104012.34726624911,Diesel,1197.0,First-hand,Poor,0.8
2019,72528.74977455966,Diesel,1197.0,First-hand,Poor,2.5
2017,67749.33747007303,Petrol,2498.0,First-hand,Fair,10.54
2019,66089.43090331658,CNG,998.0,First-hand,Excellent,0.8
2012,183339.14298135735,Petrol,1197.0,First-hand,Excellent,0.8
2019,71927.15773882251,Petrol,1497.0,First-hand,Good,5.42
2015,125580.07415299176,Diesel,998.0,First-hand,Poor,0.86
2022,43047.184988473484,Petrol,998.0,Third-hand,Excellent,2.21
2012,152123.8810790712,Diesel,1197.0,Second-hand,Excellent,0.8
2019,66975.4565372293,Petrol,998.0,Second-hand,Fair,0.8
2015,110279.82146117279,Petrol,1197.0,First-hand,Excellent,1.99
2017,111878.06271898534,CNG,998.0,Second-hand,Good,0.8
2019,74507.78348880346,Petrol,1998.0,First-hand,Good,9.63
2015,97858.60861443842,Petrol,1497.0,Second-hand,Good,2.16
2014,120038.00031636302,Petrol,1497.0,Third-hand,Excellent,2.03
2020,73002.21755370498,Diesel,1497.0,First-hand,Fair,5.38
2014,117255.85506758462,Petrol,1998.0,First-hand,Good,4.99
2020,63641.051151962,Petrol,998.0,Second-hand,Poor,0.8
2024,13117.031594726855,Petrol,1998.0,Second-hand,Good,13.36
2013,173121.81853468932,Petrol,1497.0,Second-hand,Excellent,0.8
2013,104511.1922913395,Diesel,1497.0,First-hand,Fair,1.6
2013,138605.70320845558,Diesel,1197.0,First-hand,Good,1.17
2017,85475.53019381309,Petrol,998.0,First-hand,Good,0.8
2014,121691.90550327786,Diesel,1197.0,Second-hand,Fair,0.8
2024,11772.05985393966,Petrol,1497.0,First-hand,Good,8.43
2020,55539.00547109194,CNG,998.0,Second-hand,Good,1.45
2015,125209.09710487376,CNG,1497.0,First-hand,Excellent,1.39
2012,193008.5845101019,Petrol,998.0,First-hand,Good,0.8
2015,,Diesel,998.0,First-hand,Good,0.8
2012,186255.53603347618,Diesel,998.0,Second-hand,Good,0.8
2016,90596.10124429784,Petrol,998.0,First-hand,Fair,0.8
2015,113837.09824635429,Petrol,1197.0,First-hand,Poor,1.73
2019,54010.03082476098,Petrol,998.0,First-hand,Excellent,2.0
2019,51331.89421137351,Diesel,2993.0,First-hand,Excellent,31.98
2018,82227.28994824449,CNG,1197.0,First-hand,Excellent,2.97
2014,159793.1366537147,Diesel,998.0,Second-hand,Excellent,0.8
2012,171084.66977709965,Diesel,1497.0,First-hand,Good,1.27
2012,167961.9695992798,Diesel,1998.0,First-hand,Fair,2.78
2023,15108.884569657279,Diesel,1497.0,Second-hand,Fair,6.42
2022,37377.25164831972,Diesel,998.0,Third-hand,Good,2.46
2014,86206.76337035565,Petrol,,First-hand,Good,5.78
2017,70898.41311392112,Petrol,1497.0,First-hand,Good,3.2
2018,67260.5903727836,Diesel,998.0,Second-hand,Excellent,3.0
2017,73630.36547218927,Petrol,998.0,Third-hand,Good,1.26
2017,90443.81952180929,Diesel,1197.0,Second-hand,Poor,1.37
2017,68758.65333476367,Petrol,998.0,First-hand,Good,1.94
2024,7935.633458989517,Petrol,1998.0,First-hand,Fair,13.47
2014,161216.50496510894,Diesel,1197.0,Second-hand,Good,0.8
2017,99810.36073608922,Petrol,1998.0,First-hand,Excellent,9.14
2019,78728.34581865981,Petrol,1197.0,First-hand,Good,3.19
2022,45193.6865779269,Petrol,998.0,Second-hand,Good,2.08
2022,14286.807737324965,Diesel,,First-hand,Excellent,4.56
2013,155793.01355760964,Petrol,1197.0,First-hand,Good,0.8
2016,126681.53677372208,Diesel,,First-hand,Fair,2.7
2012,176277.28969765772,Petrol,1497.0,First-hand,Good,1.04
2023,20275.294676603182,CNG,1197.0,First-hand,Good,5.1
2012,175876.72983401487,CNG,998.0,Second-hand,Fair,0.8
2016,105564.68550999428,Petrol,998.0,First-hand,Fair,0.8
2023,22149.837112325236,Petrol,1497.0,First-hand,Fair,7.51
2024,16189.585487369466,Petrol,998.0,Third-hand,Good,2.64
2014,138242.98932886487,Diesel,1197.0,First-hand,Poor,0.8
2015,113549.4491025201,Petrol,1497.0,First-hand,Excellent,3.91
2014,151006.1028338833,Petrol,2498.0,Third-hand,Good,6.57
2012,173076.57487004282,Petrol,1197.0,Second-hand,Excellent,0.8
2012,188893.45802885658,Petrol,998.0,First-hand,Good,0.8
2023,25376.15136457331,Petrol,1497.0,Second-hand,Good,7.22
2023,27863.309087149275,Diesel,1497.0,First-hand,Good,9.46
2024,5000.0,CNG,1197.0,Second-hand,Good,4.35
2016,113721.74418128582,Petrol,2498.0,First-hand,Excellent,13.75
2017,80586.90344824677,Petrol,1998.0,Second-hand,Good,6.52
2014,113741.61256341448,Petrol,998.0,First-hand,Fair,0.8
2023,28610.587143361616,Diesel,998.0,First-hand,Poor,1.35
2020,55021.88942521272,Diesel,1197.0,First-hand,Excellent,4.96
2016,83245.39505266036,Diesel,1497.0,First-hand,Fair,2.8
2019,82653.06359132014,CNG,998.0,Second-hand,Good,1.6
2024,,Petrol,1497.0,First-hand,Good,9.48
2012,143357.5255595015,Diesel,,First-hand,Excellent,2.73
2016,70285.71214540259,Diesel,998.0,First-hand,Good,1.56
2014,134853.55087665064,Petrol,1497.0,First-hand,Poor,1.01
2023,24611.333507567706,CNG,2498.0,Second-hand,Good,17.08
2012,103585.3805524001,Petrol,998.0,Second-hand,Good,0.8
2015,149818.83411581517,Diesel,1197.0,First-hand,Good,0.82
2024,10887.215570877133,Petrol,1197.0,Second-hand,Excellent,5.34
2016,79233.83567414424,Petrol,1998.0,Second-hand,Fair,4.94
2018,100635.18171172595,Diesel,2498.0,First-hand,Fair,12.53
2012,196871.9395960108,Petrol,1197.0,First-hand,Excellent,0.8
2014,,Petrol,1497.0,Second-hand,Fair,1.84
2013,114690.99859173154,Petrol,1197.0,First-hand,Good,0.8
2020,45787.08159292862,Diesel,1197.0,Second-hand,Poor,1.77
2021,53045.44329708751,Petrol,1197.0,First-hand,Good,3.94
2017,71415.53644979172,Petrol,998.0,First-hand,Excellent,0.8
2021,,Diesel,1197.0,First-hand,Good,5.65
2014,119712.5239112044,Diesel,1197.0,First-hand,Good,0.8
2019,47552.122271169595,Petrol,998.0,Third-hand,Excellent,1.08
2019,51030.29754639119,Diesel,1998.0,First-hand,Good,11.57
2013,132819.15561059563,Diesel,998.0,First-hand,Good,0.8
2017,77829.7245086003,Diesel,998.0,Second-hand,Fair,0.8
2018,79705.2904478197,Petrol,1197.0,First-hand,Excellent,3.16
2013,131590.65080666082,Petrol,1497.0,First-hand,Good,1.9
2022,27756.156268103106,Petrol,998.0,Second-hand,Excellent,2.47
2021,53226.38212753909,Petrol,1197.0,Second-hand,Fair,2.36
2013,110336.23185155002,Petrol,2498.0,First-hand,Excellent,8.75
2021,29631.640449879622,Petrol,1197.0,First-hand,Poor,1.9
2012,151888.18110711357,Diesel,1197.0,First-hand,Fair,0.8
2019,55250.48617143153,Petrol,1998.0,First-hand,Good,9.67
2012,,Petrol,,First-hand,Good,0.8
2020,77315.56678254867,Diesel,1197.0,First-hand,Excellent,3.99
2022,38307.338691504905,Petrol,1197.0,First-hand,Good,3.81
2017,95091.39051006833,Petrol,1197.0,First-hand,Fair,0.96
2018,79658.87693969246,Diesel,1197.0,First-hand,Poor,2.2
2024,21372.03095305836,Petrol,998.0,First-hand,Excellent,4.16
2021,42612.06285257434,Diesel,1197.0,Second-hand,Good,4.42
2018,106122.57070209755,Diesel,998.0,Second-hand,Fair,0.8
2021,38612.98880689084,Petrol,1497.0,First-hand,Good,6.3
2014,118411.46421806191,Diesel,1197.0,First-hand,Excellent,1.6
2013,164400.6404574,Petrol,1197.0,First-hand,Good,0.8
2020,39497.610286877854,Petrol,1998.0,First-hand,Good,11.52
2019,79490.82649427271,Petrol,1497.0,First-hand,Fair,3.79
2024,20854.286657350734,Petrol,998.0,First-hand,Good,4.27
2023,17702.718869716613,Diesel,2498.0,First-hand,Good,27.86
2021,51496.996195870015,Petrol,998.0,Second-hand,Poor,1.05
2018,82601.3231555212,Petrol,998.0,First-hand,Good,1.0
2020,69529.77366614307,Petrol,1497.0,First-hand,Fair,4.77
2015,96891.18183463797,Petrol,1197.0,Second-hand,Good,0.8
2024,15281.9166066516,Petrol,1197.0,First-hand,Excellent,7.13
2015,142438.26548679447,Petrol,998.0,First-hand,Poor,0.8
2012,146687.21701072625,Diesel,1197.0,First-hand,Good,0.8
2019,76464.58718028666,Petrol,1197.0,First-hand,Excellent,2.28
2023,,Petrol,1998.0,Second-hand,Good,12.09
2014,79879.87834133212,Petrol,998.0,First-hand,Excellent,0.8
2018,68736.19007979981,Petrol,1998.0,First-hand,Good,9.41
2023,24646.01696570604,Diesel,1197.0,First-hand,Fair,5.5
2013,140313.16665890772,Petrol,1998.0,First-hand,Poor,3.1
2013,138405.75712156997,Petrol,1497.0,Second-hand,Poor,0.8
2018,64489.0703957557,Petrol,,Second-hand,Excellent,4.48
2017,104323.51655913373,Diesel,1197.0,First-hand,Good,1.6
2014,120471.26166666082,Diesel,998.0,First-hand,Excellent,0.8
2020,72242.97874160549,Petrol,998.0,First-hand,Fair,1.72
2021,55828.713950838646,Diesel,1998.0,Second-hand,Good,12.17
2024,16427.22730507591,Diesel,1998.0,First-hand,Good,18.4
2017,84753.26414281757,Diesel,1197.0,First-hand,Fair,1.82
2021,57169.88398264532,Diesel,,First-hand,Good,3.08
2021,32474.379834565807,Petrol,,First-hand,Good,4.89
2017,123276.64600235649,Petrol,1497.0,First-hand,Poor,1.67
2012,,Petrol,1197.0,First-hand,Poor,0.8
2015,112908.25489547946,Petrol,1497.0,First-hand,Good,2.29
2021,65446.919501037875,CNG,2993.0,First-hand,Good,27.63
2017,88656.39088539437,Petrol,998.0,First-hand,Poor,0.8
2017,77622.77269123684,Petrol,1197.0,Second-hand,Excellent,2.35
2022,41981.28583148986,Diesel,1197.0,First-hand,Good,5.18
2023,19001.227548232502,Petrol,1197.0,First-hand,Excellent,7.04
2016,123917.3112018592,Petrol,998.0,First-hand,Good,0.8
2012,,Petrol,998.0,First-hand,Excellent,0.8
2019,64124.304642183444,Petrol,1998.0,First-hand,Good,10.27
2016,134233.91302090892,Diesel,1197.0,Second-hand,Good,1.34
2023,26541.342933066055,Petrol,1197.0,First-hand,Good,5.02
2023,26842.848135961875,Petrol,1998.0,Second-hand,Poor,7.02
2023,12924.488717259826,Petrol,1497.0,First-hand,Fair,6.35
2016,123499.83746043386,Petrol,998.0,First-hand,Fair,0.8
2018,58326.810662007025,Diesel,1197.0,First-hand,Good,2.29
2015,122678.75017399741,Petrol,1197.0,First-hand,Excellent,0.96
2017,113841.55054215706,Petrol,1497.0,Second-hand,Good,3.41
2024,18977.659372532224,Diesel,1497.0,Second-hand,Poor,5.18
2015,,Diesel,1497.0,Second-hand,Good,3.06
2014,86026.1976958707,Petrol,1197.0,Third-hand,Excellent,0.8
2018,58611.20261129278,Petrol,1998.0,Second-hand,Fair,5.75
2019,83858.3467435714,Diesel,998.0,First-hand,Good,0.8
2015,146242.54101858335,Diesel,998.0,First-hand,Good,0.8
2024,12599.264381958832,Petrol,1197.0,First-hand,Poor,3.0
2013,101870.03099917539,CNG,998.0,First-hand,Fair,0.8
2023,23943.667886536874,Petrol,998.0,Second-hand,Good,2.63
2021,43567.31957224504,Petrol,1998.0,First-hand,Poor,6.65
2014,134074.9957042252,Petrol,2498.0,First-hand,Good,8.88
2012,151899.20783297962,Petrol,1197.0,First-hand,Fair,0.8
2019,71583.54220419242,Diesel,1197.0,First-hand,Excellent,4.03
2014,96511.25199163107,Petrol,,First-hand,Excellent,1.18
2023,30768.732463236112,Petrol,1197.0,First-hand,Good,5.05
2021,36866.65515796463,Diesel,998.0,First-hand,Fair,2.17
2018,98565.91706791062,Petrol,2498.0,First-hand,Good,13.39
2021,48524.11847152276,Petrol,998.0,First-hand,Excellent,1.82
2016,71540.93298427392,Petrol,1197.0,First-hand,Excellent,2.01
2021,39884.93394887971,Petrol,998.0,First-hand,Fair,2.14
2016,138769.36964615734,Petrol,1998.0,First-hand,Excellent,6.84
2018,98595.85496998942,Diesel,1497.0,First-hand,Good,3.81
2020,71996.36702902219,Petrol,2498.0,First-hand,Excellent,19.21
2023,19042.81270823396,Petrol,1497.0,First-hand,Excellent,9.81
2016,116577.50279958274,Diesel,1197.0,First-hand,Good,1.46
2012,126618.02121010242,Diesel,998.0,First-hand,Good,0.8
2021,40560.434629449795,Petrol,1497.0,First-hand,Good,6.53
2021,44691.62086564327,Petrol,1197.0,First-hand,Good,3.43
2012,143625.10277445038,Petrol,1197.0,Second-hand,Fair,0.8
2013,151467.20244590807,Petrol,998.0,First-hand,Good,0.8
2017,,Petrol,998.0,Third-hand,Good,1.32
2020,71790.59609009541,Petrol,1197.0,First-hand,Poor,1.85
2019,63038.922626756284,Diesel,1197.0,First-hand,Excellent,2.8
2024,6966.713605753862,Petrol,1497.0,First-hand,Poor,5.63
2016,89188.42508181385,Diesel,998.0,First-hand,Excellent,2.03
2012,178339.10936422792,Petrol,1197.0,First-hand,Good,0.8
2024,15747.373962493672,Diesel,998.0,First-hand,Good,4.4
2018,102848.732778728,Diesel,998.0,First-hand,Poor,0.8
2016,129317.39011842712,Diesel,1197.0,First-hand,Good,1.54
2017,,Petrol,998.0,First-hand,Good,0.8
2024,,Petrol,998.0,First-hand,Poor,2.82
2018,81930.99322296596,Petrol,,First-hand,Good,2.07
2014,99260.02961919282,Diesel,1197.0,First-hand,Good,1.45
2023,28270.623712269276,Petrol,998.0,Second-hand,Good,2.85
2021,42164.5213292962,Petrol,998.0,Second-hand,Fair,2.54
2014,115670.23305812874,Petrol,998.0,Second-hand,Excellent,0.8
2016,97681.2648379993,Petrol,998.0,First-hand,Excellent,1.42
2017,77837.4732360937,Petrol,1497.0,Second-hand,Good,3.42
2020,,Petrol,1197.0,Second-hand,Good,2.76
2024,12764.076921734806,CNG,1197.0,First-hand,Poor,2.93
2023,24218.083661975215,Diesel,1197.0,First-hand,Poor,3.16
2016,105456.00488985944,CNG,1497.0,Second-hand,Fair,2.08
2012,140717.25542781645,Petrol,1998.0,First-hand,Fair,2.84
2015,120190.63413086631,Diesel,1497.0,First-hand,Good,2.98
2016,92678.51628655028,Diesel,1497.0,First-hand,Excellent,4.64
2023,28532.05296558559,Diesel,1197.0,First-hand,Fair,5.46
2021,49572.23513236268,Diesel,1497.0,Second-hand,Good,6.36
2021,48945.34999498766,Petrol,1197.0,First-hand,Good,4.35
2016,69842.46715278426,Diesel,998.0,First-hand,Fair,1.36
2018,64234.95012726328,Petrol,998.0,First-hand,Good,1.36
2015,119387.70458303376,Petrol,1197.0,First-hand,Fair,1.88
2012,181432.2377286893,Petrol,1998.0,First-hand,Good,3.08
2016,77683.29103897861,Diesel,1197.0,First-hand,Good,2.23
2018,76770.21916766856,Diesel,1497.0,Second-hand,Excellent,5.49
2021,,CNG,1197.0,First-hand,Good,4.11
2021,57459.44056941033,Diesel,1197.0,First-hand,Fair,3.5
2017,70579.22187802373,Petrol,998.0,First-hand,Good,1.75
2016,91909.09297730234,Petrol,998.0,First-hand,Good,0.8
2015,110812.8523067898,Petrol,1998.0,Second-hand,Excellent,5.51
2013,121416.32128203168,Petrol,1197.0,Second-hand,Excellent,0.8
2015,123369.7694755288,Petrol,1197.0,Second-hand,Good,1.19
2021,39012.05499959917,Petrol,1998.0,First-hand,Poor,7.8
2021,35215.43147187656,Petrol,998.0,First-hand,Good,2.41
2014,172513.63001839048,Diesel,2993.0,First-hand,Fair,14.3
2021,45425.96863506797,Petrol,1197.0,First-hand,Fair,4.51
2012,158444.83003075782,Diesel,1197.0,Second-hand,Good,0.8
2019,49467.863259865844,Diesel,1197.0,Second-hand,Good,2.68
2016,,Petrol,998.0,Second-hand,Fair,0.8
2024,8455.402571410254,Petrol,998.0,Second-hand,Good,2.96
2015,102372.4584012857,Petrol,1497.0,Second-hand,Good,0.94
2019,84372.66594846692,Petrol,1998.0,First-hand,Excellent,10.6
2018,98348.16371821139,Diesel,1497.0,First-hand,Poor,3.61
2013,,Petrol,998.0,First-hand,Poor,0.8
2012,128257.2057152961,Petrol,1197.0,First-hand,Fair,0.8
2023,19058.42794659946,Petrol,998.0,First-hand,Excellent,3.6
2022,37313.56369647786,CNG,998.0,First-hand,Good,2.75
2015,83981.9474154766,Diesel,1497.0,Second-hand,Excellent,3.18
2019,50432.04490274906,Diesel,1197.0,First-hand,Excellent,3.77
2023,20944.052413246773,Petrol,998.0,Second-hand,Good,3.5
2013,153209.69769469544,Diesel,998.0,Second-hand,Poor,0.8
2014,97794.18599143147,Diesel,2993.0,First-hand,Poor,11.96
2023,26531.315063931328,Diesel,998.0,First-hand,Good,3.63
2012,178495.41408865378,CNG,1197.0,First-hand,Excellent,0.8
2012,181798.0931834879,Petrol,1197.0,Second-hand,Good,0.8
2024,12904.869228405401,Diesel,998.0,Second-hand,Good,3.38
2014,85771.21278237601,Diesel,998.0,Second-hand,Fair,0.8
2022,24552.602533611163,Petrol,1197.0,First-hand,Fair,2.76
2016,87517.23386190872,Petrol,,First-hand,Good,2.12
2023,28320.57069679677,CNG,1197.0,First-hand,Good,3.33
2014,117970.5515128607,Petrol,1497.0,Second-hand,Excellent,1.94
2012,,Petrol,,First-hand,Good,12.91
2012,170032.30458588363,CNG,1497.0,First-hand,Good,0.87
2019,59119.108972080714,Petrol,1197.0,First-hand,Excellent,3.26
2021,46416.122856400485,Petrol,1197.0,First-hand,Good,4.11
2022,37752.39759363243,Petrol,1497.0,First-hand,Fair,5.55
2023,32480.59745915647,Petrol,1497.0,First-hand,Good,8.33
2024,18879.29753431057,Petrol,1197.0,First-hand,Excellent,6.56
2024,8979.285800625747,Petrol,1497.0,First-hand,Excellent,9.81
2023,20701.42191542163,Diesel,998.0,Second-hand,Good,3.69
2013,146649.99650406244,Petrol,1197.0,Second-hand,Good,0.8
2024,15107.647501881649,Diesel,1197.0,First-hand,Good,5.86
2014,141075.81517492182,Diesel,998.0,Second-hand,Good,0.8
2013,142888.78730882175,Petrol,998.0,First-hand,Good,0.8
2014,143867.42655505284,Diesel,1497.0,First-hand,Fair,2.14
2018,88707.53527802654,Petrol,1197.0,Second-hand,Good,2.11
2012,153223.78790120213,Petrol,1197.0,Second-hand,Fair,0.8
2021,36504.46747350311,Petrol,1197.0,Second-hand,Good,2.55
2019,68186.81562850274,Diesel,1197.0,First-hand,Excellent,4.46
2024,12558.754122814571,Petrol,998.0,First-hand,Good,3.77
2021,43320.351841328746,Petrol,1497.0,Second-hand,Good,5.85
2021,62767.24956888908,Diesel,1497.0,First-hand,Poor,4.24
2021,32008.368268723745,Petrol,1497.0,First-hand,Fair,5.21
2013,103515.27641886396,Petrol,1497.0,Second-hand,Poor,1.18
2014,121672.44834333626,Petrol,1197.0,Second-hand,Poor,0.8
2020,69026.48580209799,Diesel,998.0,Second-hand,Good,1.75
2018,58111.42052121693,Diesel,1197.0,First-hand,Good,3.14
2015,93250.90144868966,Petrol,998.0,Second-hand,Good,0.8
2021,53022.469946584046,Petrol,2498.0,First-hand,Poor,11.81
2016,113728.5793120049,Petrol,998.0,First-hand,Fair,0.8
2013,178972.83438612422,Diesel,998.0,First-hand,Excellent,0.8
2024,10954.37419163413,Petrol,1998.0,First-hand,Fair,12.9
2022,41117.68834539503,Petrol,2498.0,First-hand,Excellent,24.42
2024,8224.347428053708,Petrol,1497.0,First-hand,Good,9.82
2019,93706.93931512696,Petrol,998.0,First-hand,Good,1.7
2015,142449.6920906126,Petrol,998.0,First-hand,Good,0.8
2020,51069.06157310349,Petrol,1197.0,First-hand,Fair,3.12
2016,79736.50209996426,Petrol,998.0,First-hand,Good,0.8
2024,7704.895136703149,Diesel,998.0,First-hand,Excellent,4.6
2020,62243.7442289983,Petrol,1197.0,Second-hand,Good,2.67
2015,121143.41314491612,Diesel,2498.0,Second-hand,Good,9.68
2021,45369.939845022345,Petrol,1197.0,First-hand,Good,4.23
2016,62758.463497544566,Diesel,1497.0,Second-hand,Good,4.5
2020,67722.50833418257,Diesel,1497.0,First-hand,Excellent,7.47
2019,,Petrol,1197.0,First-hand,Good,4.58
2014,,Petrol,1497.0,Second-hand,Good,1.26
2012,129126.21495745357,Diesel,998.0,First-hand,Fair,0.8
2014,,Petrol,998.0,Third-hand,Excellent,0.8
2015,102058.85821472734,Diesel,1497.0,First-hand,Good,3.85
2013,152635.4362117493,Petrol,998.0,Second-hand,Good,0.8
2012,178611.27745515437,Diesel,2993.0,First-hand,Good,14.52
2018,68744.78556182825,Petrol,998.0,First-hand,Good,1.8
2019,43589.69126126839,Diesel,1197.0,First-hand,Fair,2.3
2018,57797.97693490151,Diesel,1197.0,Second-hand,Poor,1.31
2016,81404.7470302392,Diesel,998.0,First-hand,Poor,1.12
2023,18687.406327459423,Petrol,998.0,Second-hand,Good,2.73
2012,155158.9881292649,Diesel,1497.0,First-hand,Good,0.8
2018,95676.43056476266,Petrol,1998.0,First-hand,Fair,6.43
2024,13095.580419168813,Diesel,1998.0,First-hand,Good,18.67
2018,80136.74557971847,Petrol,1197.0,First-hand,Excellent,2.75
2020,46905.32399120084,Diesel,1497.0,Second-hand,Fair,4.57
2014,131788.0925628542,Petrol,1497.0,First-hand,Good,1.71
2020,31115.56681368264,Diesel,1497.0,First-hand,Excellent,8.22
2012,126872.59390907284,Diesel,1197.0,First-hand,Good,0.8
2012,,Diesel,1497.0,First-hand,Good,1.31
2015,118329.21611966107,Petrol,1998.0,Second-hand,Good,4.86
2020,72580.82189696722,Petrol,1197.0,First-hand,Good,3.95
2017,81391.0041446992,CNG,1998.0,First-hand,Excellent,7.3
2024,11392.444047122708,Petrol,1197.0,Third-hand,Excellent,4.51
2022,41794.46728313145,Petrol,998.0,Second-hand,Good,2.96
2014,138788.95622644652,Diesel,998.0,First-hand,Fair,0.8
2012,192595.42887293053,Diesel,1197.0,First-hand,Good,0.8
2015,112752.31930750118,Petrol,1197.0,First-hand,Excellent,0.8
2023,32543.784342863564,Diesel,1998.0,First-hand,Excellent,19.0
2024,10370.72582197389,Diesel,998.0,Second-hand,Poor,2.36
2020,58176.50297779914,Petrol,1998.0,First-hand,Good,11.26
2014,133064.00047333594,Diesel,1998.0,First-hand,Good,6.07
2023,23715.642387182634,Petrol,998.0,First-hand,Excellent,3.52
2020,57748.5943794796,Petrol,1998.0,First-hand,Fair,9.24
2018,60066.82882399451,Petrol,2993.0,First-hand,Good,24.3
2023,24861.322582851215,Petrol,1497.0,First-hand,Good,7.45
2015,81492.98546988881,Diesel,,First-hand,Excellent,4.6
2014,87602.4096932596,Petrol,2993.0,First-hand,Good,15.95
2021,54759.10294189747,Petrol,1497.0,First-hand,Fair,5.52
2016,110907.99130381586,Petrol,1197.0,First-hand,Fair,1.87
2016,105945.56152998997,Petrol,1998.0,First-hand,Good,6.36
2014,127732.33932351929,Petrol,,First-hand,Fair,1.6
2023,8079.260712588299,Petrol,1197.0,First-hand,Excellent,5.81
2020,69216.54233410173,Petrol,1197.0,First-hand,Good,3.16
2015,111356.62131356428,Diesel,1497.0,First-hand,Good,3.99
2022,19437.632543948836,Petrol,998.0,First-hand,Good,2.67
2016,122628.79635106212,Petrol,2498.0,Second-hand,Fair,7.59
2015,144906.78907234478,Petrol,1197.0,Second-hand,Excellent,1.36
2016,124623.4526545808,Diesel,998.0,Second-hand,Good,0.8
2018,95730.28597506727,Petrol,1197.0,First-hand,Good,1.72
2020,54209.92272720397,Petrol,998.0,Second-hand,Good,1.96
2018,80489.7426085469,Petrol,1497.0,First-hand,Good,4.77
2024,11284.521619761885,CNG,1998.0,First-hand,Excellent,15.13
2016,75776.10892594975,Petrol,1998.0,First-hand,Fair,6.17
2021,60224.31472387631,Diesel,998.0,Second-hand,Good,1.58
2021,27970.90039304885,Petrol,998.0,First-hand,Good,2.14
2018,84528.25654830592,Petrol,1998.0,First-hand,Poor,5.04
2021,49980.7516203924,Diesel,2498.0,Second-hand,Fair,15.39
2016,119332.55553164582,Petrol,1197.0,Second-hand,Excellent,1.58
2014,141227.88793140516,Diesel,,First-hand,Fair,0.8
2018,58690.97330959082,Diesel,1197.0,First-hand,Excellent,3.84
2024,11921.98582777339,Diesel,,First-hand,Excellent,20.81
2022,49025.7927913551,Petrol,1497.0,Second-hand,Good,5.55
2022,37683.24962453073,Diesel,1197.0,First-hand,Poor,2.44
2013,146326.42155210036,Petrol,1197.0,First-hand,Excellent,0.8
2023,,Diesel,1998.0,Second-hand,Good,15.18
2020,60638.40536996426,Diesel,998.0,First-hand,Excellent,2.62
2021,51508.12129661947,Diesel,1197.0,First-hand,Fair,3.11
2021,30325.404603343042,Petrol,1197.0,First-hand,Good,3.27
2023,21976.5067079743,Petrol,998.0,First-hand,Good,4.24
2012,138647.48246036412,Petrol,998.0,First-hand,Good,0.8
2024,15261.364324968376,Diesel,1998.0,First-hand,Fair,15.18
2017,79361.91539724104,Petrol,1998.0,First-hand,Poor,5.57
2018,63618.16149711107,Petrol,1998.0,First-hand,Good,9.2
2024,20762.22078034791,Diesel,1998.0,First-hand,Good,18.42
2019,52561.20997394383,Petrol,1197.0,Second-hand,Poor,1.89
2021,59522.34521769441,Petrol,,Third-hand,Excellent,8.83
2020,50055.30335350853,Petrol,1197.0,First-hand,Fair,2.33
2013,152410.6451419837,Petrol,1497.0,First-hand,Fair,1.5
2022,37579.89188669232,Petrol,2993.0,First-hand,Excellent,38.35
2021,33420.175667642674,Petrol,998.0,Second-hand,Good,1.68
2013,128487.18101969865,Petrol,,First-hand,Good,0.8
2016,101823.11562208526,Petrol,1197.0,Third-hand,Good,0.86
2024,5399.226761055412,Diesel,998.0,First-hand,Good,4.31
2016,,Petrol,998.0,Third-hand,Good,0.8
2017,62124.98520106894,Petrol,1998.0,Second-hand,Good,7.08
2014,,Diesel,2993.0,Second-hand,Good,16.02
2019,61445.15530329112,Petrol,1197.0,First-hand,Good,3.18
2024,,Petrol,998.0,First-hand,Excellent,4.1
2012,133954.08475315032,Diesel,998.0,First-hand,Fair,0.8
2017,109028.49266567454,Diesel,1998.0,First-hand,Excellent,9.71
2015,126461.179537421,Diesel,1197.0,First-hand,Fair,0.8
2012,108367.88723444214,Diesel,1197.0,First-hand,Good,0.8
2018,104879.34368441526,Diesel,1197.0,First-hand,Good,2.0
2020,71234.28439637787,Petrol,1197.0,First-hand,Fair,2.32
2024,21082.189458271278,Diesel,1197.0,First-hand,Good,5.86
2015,113628.04434045426,Petrol,1998.0,First-hand,Good,5.75
2015,126490.39354220887,Diesel,1197.0,Third-hand,Excellent,1.39
2017,58710.9033278322,Petrol,1497.0,First-hand,Good,4.82
2023,27862.496490167254,Petrol,1197.0,First-hand,Good,5.85
2014,159680.43999463282,Petrol,1497.0,First-hand,Excellent,1.77
2024,11723.613804320867,Diesel,,Second-hand,Good,8.96
2023,20520.11286035096,Petrol,998.0,First-hand,Excellent,4.43
2017,69227.86487443416,Diesel,1197.0,First-hand,Good,1.91
2018,75831.3112555413,Diesel,1197.0,First-hand,Excellent,3.55
2022,43113.39073403354,Petrol,1998.0,First-hand,Excellent,15.36
2021,29995.197362957228,Diesel,1197.0,First-hand,Excellent,4.88
2021,51426.54214234844,Diesel,2993.0,Second-hand,Poor,19.15
2014,105162.4482109114,Diesel,998.0,Third-hand,Excellent,1.22
2018,76350.29858150345,Petrol,1497.0,First-hand,Good,4.82
2014,97121.92571987063,Petrol,1497.0,First-hand,Excellent,3.09
2024,8692.56712636872,Petrol,1497.0,First-hand,Poor,4.88
2024,12756.614807959217,Petrol,1197.0,First-hand,Excellent,6.9
2013,104377.61151254685,Diesel,1197.0,First-hand,Poor,0.8
2023,17840.89723296696,Petrol,1497.0,First-hand,Good,8.38
2021,51333.43409736198,Diesel,998.0,Third-hand,Excellent,2.41
2015,124678.1510784285,Petrol,998.0,Second-hand,Fair,0.8
2023,17097.4849795056,Petrol,1197.0,First-hand,Good,5.45
2019,70065.45483016637,Diesel,1197.0,First-hand,Good,4.63
2024,14859.969778209515,Diesel,1197.0,First-hand,Fair,4.25
2020,68260.17524580476,Petrol,1197.0,First-hand,Poor,1.93
2018,76376.34175368494,Petrol,1197.0,First-hand,Good,1.51
2012,177084.20855325184,Petrol,1497.0,First-hand,Good,0.8
2014,98326.54521952492,Petrol,1497.0,Second-hand,Fair,0.8
2024,15784.70281742558,Petrol,1998.0,Second-hand,Good,13.95
2023,20557.772477396215,Petrol,2993.0,First-hand,Fair,30.62
2020,45960.87376273916,Petrol,1197.0,First-hand,Good,3.8
2023,,Diesel,998.0,First-hand,Good,3.47
2012,161932.93931314547,Petrol,998.0,First-hand,Poor,0.8
2020,33100.21395619479,Petrol,1197.0,First-hand,Excellent,4.3
2019,77865.81506719995,Petrol,2498.0,First-hand,Good,15.36
2012,163304.1609488489,Diesel,1197.0,First-hand,Good,0.8
2017,74373.2331486448,Diesel,1197.0,First-hand,Good,2.43
2016,104844.99271367828,Petrol,1197.0,Second-hand,Excellent,0.93
2017,80275.36724937952,Diesel,1197.0,First-hand,Fair,2.17
2021,39284.796510953056,Petrol,1497.0,First-hand,Good,7.22
2023,14778.36309673718,Petrol,998.0,First-hand,Good,4.89
2024,22080.384465543015,Petrol,2993.0,First-hand,Fair,33.02
2024,5000.0,Petrol,1197.0,First-hand,Good,6.23
2024,15408.515708498711,Diesel,,Third-hand,Excellent,3.16
2016,115008.31968740324,Diesel,1998.0,Second-hand,Excellent,7.01
2017,,Petrol,998.0,First-hand,Poor,1.15
2016,98948.25158356695,Diesel,1998.0,First-hand,Excellent,8.74
2022,33692.13400588131,Petrol,,First-hand,Good,34.57
2023,,Petrol,1497.0,First-hand,Good,8.82
2016,105847.79584676464,Petrol,1497.0,Second-hand,Good,2.53
2015,86617.19504456049,Petrol,1197.0,First-hand,Excellent,2.43
2014,91003.72420621215,Petrol,2498.0,First-hand,Good,10.11
2014,107392.11625635021,Petrol,1197.0,First-hand,Good,1.21
2015,142990.10245213527,Petrol,1497.0,First-hand,Poor,1.0
2020,42888.642995650924,Petrol,2498.0,Second-hand,Excellent,16.91
2013,165952.16813826896,Diesel,2993.0,First-hand,Good,15.95
2020,60978.38043463818,Petrol,1998.0,Second-hand,Good,9.54
2012,107087.27374049209,CNG,1197.0,First-hand,Good,0.8
2012,120371.98332787273,Petrol,2498.0,Second-hand,Good,7.0
2016,,Diesel,1497.0,First-hand,Good,3.2
2017,86156.3481648336,Diesel,2498.0,First-hand,Good,16.06
2017,103369.09252311711,Diesel,1497.0,Second-hand,Fair,2.66
2014,161589.32711612555,Petrol,1197.0,First-hand,Good,0.8
2018,67037.2861249992,Diesel,1197.0,First-hand,Good,3.19
2020,52900.88872916371,Petrol,1197.0,First-hand,Excellent,4.38
2022,22318.545486229672,Petrol,1497.0,Second-hand,Excellent,7.5
2023,12515.845834496176,Petrol,1197.0,First-hand,Excellent,5.93
2021,37570.51473607967,Petrol,,Second-hand,Excellent,4.0
2019,65802.96752067415,Petrol,,First-hand,Good,3.12
2017,70312.60769650209,Diesel,1998.0,First-hand,Fair,6.99
2023,20541.310042920682,Diesel,1197.0,Second-hand,Good,5.59
2019,52347.384734645406,Petrol,998.0,First-hand,Good,1.31
2023,25984.54687965728,Diesel,998.0,Second-hand,Excellent,3.14
2016,120542.11548221907,Petrol,998.0,Third-hand,Good,0.8
2019,,CNG,1197.0,First-hand,Excellent,2.59
2021,33981.21323892672,Petrol,998.0,First-hand,Poor,2.03
2023,22879.90103538698,Petrol,998.0,First-hand,Good,3.69
2015,102897.07154698,Diesel,2498.0,Second-hand,Poor,6.3
2021,59952.06476562056,Diesel,1998.0,Second-hand,Fair,8.82
2019,88436.32781024282,Diesel,1197.0,First-hand,Good,3.02
2021,52239.57915816793,CNG,2993.0,First-hand,Good,26.71
2023,37588.72955281426,Diesel,998.0,First-hand,Excellent,4.22
2013,169147.56105133935,Diesel,1497.0,Second-hand,Good,0.9
2023,37855.633155806674,Diesel,1497.0,First-hand,Poor,5.71
2023,20428.15096646226,Diesel,1197.0,First-hand,Excellent,6.4
2016,96717.54278664656,Petrol,1197.0,First-hand,Fair,1.51
2020,45634.131485680795,Diesel,1197.0,Second-hand,Good,3.92
2015,105508.97562725967,Petrol,1197.0,First-hand,Fair,0.8
2022,39604.51517333459,Diesel,1497.0,First-hand,Poor,4.58
2017,74319.020986727,Diesel,998.0,First-hand,Good,1.61
2012,129015.4200202036,Diesel,998.0,First-hand,Good,0.8
2020,41401.81810176573,Diesel,998.0,Second-hand,Good,2.85
2012,141143.7544811761,Diesel,1197.0,Third-hand,Fair,0.8
2016,88986.47968367892,Petrol,1197.0,First-hand,Poor,0.98
2015,137654.20115378735,Diesel,998.0,First-hand,Fair,0.8
2024,20200.160240205605,Petrol,,First-hand,Good,16.5
2023,24263.55309081984,Petrol,1197.0,First-hand,Good,5.14
2024,7005.45321147022,Petrol,998.0,Second-hand,Fair,3.18
2024,5000.0,Petrol,1497.0,First-hand,Good,8.79
2014,100247.75678447237,Petrol,998.0,First-hand,Fair,0.8
2024,7313.408938915154,Diesel,1497.0,First-hand,Good,9.91
2017,118423.4222293527,Petrol,1497.0,First-hand,Excellent,3.95
2013,138336.5504884672,Petrol,998.0,First-hand,Good,0.8
2014,140488.29072796364,Petrol,998.0,First-hand,Good,0.8
2016,85639.64151434264,Petrol,1197.0,First-hand,Excellent,2.09
2020,77969.25581472166,Diesel,,Second-hand,Excellent,1.91
2013,114730.70276582747,Petrol,998.0,First-hand,Good,0.8
2021,37089.44385838315,Petrol,1197.0,First-hand,Excellent,3.45
2019,62934.60844238285,Petrol,1197.0,Third-hand,Good,2.02
2013,126254.43674973104,Petrol,1197.0,First-hand,Fair,1.21
2022,27752.242385540827,Petrol,1497.0,Second-hand,Poor,3.92
2024,9729.881892408685,Petrol,1197.0,First-hand,Fair,4.33
2016,133608.53990255753,Diesel,998.0,First-hand,Poor,0.8
2018,54071.12948380437,Diesel,998.0,First-hand,Good,2.41
2019,69105.91816655177,Petrol,1998.0,First-hand,Good,10.51
2012,155152.07651688208,CNG,1197.0,First-hand,Good,0.8
2017,101232.58050887976,Petrol,1998.0,Second-hand,Fair,5.69
2012,115208.33092403003,Petrol,1197.0,First-hand,Good,0.84
2013,123532.70144028612,CNG,1497.0,First-hand,Excellent,1.47
2012,147979.5448373596,Petrol,1197.0,First-hand,Fair,0.8
2022,37126.29337929284,Diesel,1197.0,First-hand,Excellent,5.44
2016,110017.55161133238,Petrol,1197.0,First-hand,Good,1.97
2021,41675.60061525554,Petrol,1197.0,First-hand,Excellent,4.24
2020,50536.599235103575,Petrol,998.0,Second-hand,Good,1.8
2017,90076.89796844068,Diesel,1197.0,Third-hand,Good,1.01
2022,26831.844735088103,Diesel,1497.0,First-hand,Excellent,9.07
2022,20170.110628906015,Diesel,,First-hand,Good,15.77
2012,174145.28847562868,Petrol,1197.0,Second-hand,Good,0.8
2024,9604.508988400654,Petrol,1197.0,Second-hand,Fair,3.74
2012,120863.820883405,Petrol,998.0,First-hand,Fair,0.8
2013,111646.24758939756,Petrol,1497.0,Second-hand,Good,2.12
2020,64154.173855125635,Diesel,1197.0,First-hand,Fair,3.22
2014,155726.98600323757,Petrol,2993.0,Second-hand,Good,13.52
2012,114540.2369464178,Diesel,1197.0,First-hand,Good,1.32
2016,97419.26907829128,Diesel,1197.0,First-hand,Excellent,1.78
2018,85498.93258585672,Petrol,1497.0,Second-hand,Good,3.63
2017,120047.24351590624,Diesel,1998.0,First-hand,Good,8.83
2023,17830.263052410002,Petrol,1197.0,First-hand,Excellent,5.32
2012,111122.84058290048,Petrol,1197.0,First-hand,Good,0.8
2016,89575.34459792766,Petrol,2993.0,Third-hand,Fair,11.16
2016,92404.58934648351,Petrol,998.0,Second-hand,Good,2.02
2017,73353.60532629902,Petrol,1998.0,Second-hand,Excellent,7.66
2014,100157.6619735998,Petrol,998.0,First-hand,Good,0.87
2016,107647.58963178124,Petrol,,Second-hand,Good,3.06
2018,,Petrol,1497.0,First-hand,Good,3.62
2016,113076.44041128262,Diesel,1197.0,First-hand,Good,0.8
2016,106164.23335300741,Diesel,1998.0,Second-hand,Good,6.87
2016,117112.72329985128,Petrol,998.0,First-hand,Fair,0.92
2021,54308.13536115029,Petrol,998.0,First-hand,Good,2.55
2021,39798.624119640794,Diesel,1197.0,First-hand,Poor,2.84
2014,135129.8108404149,Petrol,1197.0,First-hand,Good,0.8
2012,108716.58378202305,Diesel,1497.0,Second-hand,Good,1.05
2016,99606.55145048615,Petrol,998.0,First-hand,Good,0.8
2020,53746.197964328785,Petrol,998.0,Second-hand,Excellent,1.21
2012,143691.83783536713,Petrol,998.0,First-hand,Excellent,0.8
2014,,Petrol,998.0,First-hand,Good,0.8
2024,12382.470302744448,Diesel,1197.0,First-hand,Fair,5.72
2024,11600.305789212167,Petrol,1497.0,Second-hand,Poor,4.38
2015,127445.67118839987,Diesel,1998.0,First-hand,Good,6.92
2012,175819.53099258736,Diesel,1998.0,Second-hand,Excellent,3.78
2012,,Petrol,998.0,First-hand,Good,0.8
2019,54096.155735731096,Diesel,1197.0,First-hand,Good,3.08
2013,166786.41897544585,Petrol,998.0,First-hand,Fair,0.8
2023,19529.890096458574,Petrol,1197.0,Second-hand,Fair,2.84
2019,64117.361132013626,Diesel,1197.0,Second-hand,Fair,2.11
2018,65224.285745362395,Petrol,998.0,First-hand,Good,1.52
2021,47157.4713896038,Petrol,998.0,First-hand,Good,2.9
2021,47777.07983698832,Petrol,,First-hand,Good,20.03
2013,120238.10895616947,Petrol,1197.0,Second-hand,Poor,0.8
2017,92327.31663593509,Diesel,1197.0,First-hand,Excellent,3.18
2017,113978.32761299035,Diesel,998.0,Second-hand,Excellent,0.8
2014,154128.02420416483,Diesel,998.0,Third-hand,Excellent,0.8
2022,38668.89891333226,Diesel,1998.0,First-hand,Fair,12.87
2013,125333.8599762059,Petrol,998.0,Second-hand,Good,0.8
2023,30697.759605540865,Petrol,1197.0,First-hand,Good,4.93
2012,117704.74989136882,Petrol,998.0,First-hand,Poor,0.8
2017,75617.03491177731,Petrol,1197.0,First-hand,Poor,1.06
2023,30282.17493147518,Petrol,998.0,First-hand,Good,2.81
2016,104442.49090278352,CNG,1998.0,Second-hand,Good,6.07
2022,32690.935127504017,Petrol,1998.0,First-hand,Fair,10.88
2020,54984.41553065715,Petrol,1497.0,First-hand,Poor,3.53
2012,194120.4026004216,Petrol,1197.0,First-hand,Good,0.8
2018,98935.97500505118,Diesel,1998.0,First-hand,Good,9.53
2016,143541.3915903074,Diesel,1197.0,First-hand,Good,0.8
2016,82010.07657958278,Petrol,1197.0,First-hand,Fair,2.01
2013,183132.92757516488,Petrol,1497.0,First-hand,Good,1.18
2022,26612.59889773533,Diesel,998.0,Second-hand,Good,2.75
2014,116921.8777999908,Petrol,998.0,Second-hand,Excellent,0.8
2018,80746.16640724322,Petrol,1497.0,First-hand,Poor,2.49
2017,104805.72382336599,Diesel,998.0,Second-hand,Good,0.84
2023,23315.272036356957,Diesel,1197.0,First-hand,Excellent,6.63
2013,154089.394036989,Petrol,1197.0,First-hand,Good,0.8
2017,97713.01889043392,Diesel,1998.0,First-hand,Good,9.09
2013,132038.49460479277,Diesel,2498.0,First-hand,Good,9.77
2013,154124.34691170556,Petrol,1998.0,First-hand,Fair,4.07
2013,171384.71308506082,CNG,1197.0,Second-hand,Good,0.8
2022,52332.678064972875,Diesel,998.0,First-hand,Poor,1.71
2014,89936.22960209652,Diesel,1197.0,Second-hand,Excellent,1.29
2013,105385.61477954169,Diesel,998.0,First-hand,Excellent,0.8
2015,112071.27035712723,Petrol,998.0,Second-hand,Excellent,0.8
2020,64770.695899560815,Petrol,1197.0,First-hand,Good,3.13
2017,114573.27060358482,Petrol,1197.0,First-hand,Good,1.3
2012,165865.4225639326,Petrol,2993.0,First-hand,Fair,10.32
2019,70993.02833245747,Petrol,998.0,First-hand,Fair,0.9
2023,28307.828185970713,Diesel,1197.0,First-hand,Good,6.48
2018,79713.05189594625,Diesel,998.0,Second-hand,Poor,0.8
2021,43725.559871582846,Diesel,1998.0,First-hand,Good,14.81
2014,103834.11578297133,Diesel,1497.0,Second-hand,Fair,1.76
2012,161392.0303991509,Diesel,1998.0,First-hand,Good,3.68
2016,91566.31435346829,Petrol,1998.0,Second-hand,Good,6.15
2024,6378.046695348559,Petrol,1197.0,First-hand,Fair,4.23
2015,114601.81190161832,Petrol,1197.0,First-hand,Good,1.12
2021,39607.97005493021,Diesel,1197.0,Second-hand,Excellent,4.08
2019,57262.57168226286,Petrol,1197.0,First-hand,Good,3.55
2012,117467.97390202219,Diesel,1197.0,First-hand,Good,0.8
2021,44130.125799363756,Petrol,1197.0,First-hand,Fair,2.6
2012,122912.35324978376,Diesel,2498.0,First-hand,Good,8.47
2023,24890.88718072107,Diesel,2993.0,First-hand,Poor,26.38
2015,137600.64255929334,Diesel,1497.0,Second-hand,Good,2.87
2019,65339.861493778546,CNG,1497.0,First-hand,Good,4.3
2016,86835.44577672491,Diesel,1497.0,First-hand,Fair,2.62
2013,112516.19083937297,Diesel,998.0,First-hand,Good,0.8
2017,,Diesel,998.0,First-hand,Poor,0.96
2016,84241.52764238074,Diesel,1497.0,First-hand,Good,4.63
2013,149681.29693035164,Diesel,1497.0,Second-hand,Good,1.54
2024,10773.91494013195,Petrol,998.0,First-hand,Excellent,4.12
2022,,Petrol,2498.0,Second-hand,Good,18.3
2022,46135.26641315652,Petrol,998.0,First-hand,Good,2.98
2022,32944.40002264504,Petrol,1197.0,First-hand,Fair,3.37
2014,,Petrol,1497.0,First-hand,Good,1.89
2020,42543.660584498255,CNG,998.0,First-hand,Good,1.88
2018,89787.43407611997,Diesel,998.0,First-hand,Excellent,1.84
2018,74639.77647979639,Diesel,1197.0,First-hand,Excellent,3.42
2022,44206.801138911214,Petrol,1497.0,Second-hand,Good,5.53
2017,,Petrol,1197.0,First-hand,Fair,0.91
2019,77445.36581385009,Petrol,1497.0,Second-hand,Fair,3.29
2015,139310.5542401215,Petrol,1197.0,First-hand,Fair,0.8
2019,50791.11312286147,Petrol,998.0,Second-hand,Fair,1.72
2015,131599.30527603748,Petrol,2993.0,Second-hand,Good,15.19
2019,65838.26146337556,Diesel,998.0,First-hand,Fair,2.33
2020,47663.379277801396,Diesel,2498.0,Second-hand,Excellent,18.84
2014,93709.56022199057,Petrol,1197.0,First-hand,Good,0.93
2014,113415.51287399548,Petrol,2498.0,Second-hand,Good,7.59
2022,26992.362238191836,Petrol,998.0,First-hand,Excellent,3.78
2024,13765.947350922987,Petrol,,First-hand,Fair,4.63
2013,148971.2017149871,Diesel,998.0,Second-hand,Good,0.8
2024,5000.0,Petrol,998.0,First-hand,Fair,3.35
2021,53057.14086627412,Petrol,1497.0,First-hand,Good,6.5
2014,102863.68455264375,Petrol,998.0,Second-hand,Excellent,0.8
2014,138599.5705310052,Petrol,,First-hand,Fair,0.8
2016,83130.73739379462,Diesel,998.0,First-hand,Good,0.8
2016,,Diesel,1197.0,First-hand,Good,2.48
2013,164754.17426872862,Diesel,1497.0,First-hand,Excellent,1.71
2023,,Petrol,1197.0,Third-hand,Good,2.91
2021,52564.649751590434,Petrol,1497.0,First-hand,Good,6.37
2024,,Petrol,1497.0,First-hand,Good,9.27
2017,117132.9391147044,Diesel,1998.0,First-hand,Poor,4.61
2016,80974.49779814226,Petrol,1197.0,Second-hand,Fair,1.53
2017,82126.4059366631,Petrol,1497.0,First-hand,Fair,3.96
2012,104181.48257989256,Diesel,2498.0,First-hand,Fair,6.95
2016,115107.22304620726,Diesel,1497.0,Second-hand,Good,3.14
2020,49614.82225249423,Petrol,1197.0,First-hand,Good,3.64
2023,29322.645371952698,Petrol,1497.0,First-hand,Excellent,9.31
2021,44694.40605917546,Petrol,1497.0,First-hand,Excellent,7.09
2013,151134.13935088558,Diesel,1497.0,First-hand,Poor,0.8
2012,118229.17165174801,Petrol,998.0,First-hand,Good,0.8
2021,30798.82828087515,Diesel,998.0,First-hand,Good,2.67
2024,8510.695724384625,Petrol,1998.0,Second-hand,Good,14.87
2022,38025.2058927646,Diesel,1197.0,First-hand,Good,5.45
2020,53976.46884733228,Diesel,1497.0,Second-hand,Excellent,5.92
2021,53810.768094439045,Petrol,1197.0,First-hand,Excellent,4.79
2020,68389.5390205686,Diesel,1197.0,Second-hand,Excellent,3.5
2020,49596.41389451078,Petrol,998.0,Second-hand,Good,1.78
2017,77847.91890101986,Diesel,998.0,First-hand,Good,0.97
2019,79587.32822950366,Diesel,2498.0,First-hand,Excellent,19.03
2022,25705.999858939555,Petrol,1998.0,First-hand,Fair,11.21
2024,7116.444548094189,Diesel,,Second-hand,Good,8.07
2012,,CNG,1197.0,Second-hand,Good,0.8
2021,53617.5999509284,Petrol,1497.0,First-hand,Poor,4.03
